{
    "lr": 0.6408702061372668,
    "num_samples": 0.15531003383993675,
    "n_layers": 0.047068375698751344,
    "num_timesteps": 0.0441652866064577,
    "d_first": 0.044047409211880446,
    "steps": 0.031790620051071965,
    "d_last": 0.030049254306081498,
    "batch_size": 0.006698814148553425
}
